path	MD5	SHA1	size
badusb.log	MD5=10d9fb4993eda8d87957656e4f90c295 SHA1=1ef2f64aea693c34030f821299a3447436532abd size=219
README.md	MD5=3a50e855098b040c21935235df0dfc81 SHA1=87d9b37784dac0b97350cf84ce2aca2ff3c2c461 size=416
INSTRUCTIONS.txt	MD5=94dad09b0b33f3041663f0e50791cfd2 SHA1=8e631a1d42ea2fc9b2133d8f369d8081309f1190 size=190
payload_hello.vbs	MD5=92cff07148e428d59580ced6e8729db7 SHA1=be42325db4385bb9ab75dc8969cbfc8501fb42ac size=102
_drop_complete.txt	MD5=f330204b15b55fd2ef620d4e6a888d56 SHA1=6384e14656130b012ad4377475adb0c17c063a79 size=16
registry_values.txt	MD5=0401d7fe3f04de9e2bd419117ffab476 SHA1=bfacda139d58678763ab3d2ed213f52c12218524 size=1907174
services.txt	MD5=172f2b43c302fdac36130e5a1008d6d4 SHA1=0328dde711c967dd392ae6130711a5e5a87c784a size=98876
installed.txt	MD5=5fb8b66643134cec83a8a657023fc37b SHA1=fe4a894c46441294fef4a2fb82fee791babcf1a7 size=3068
network.txt	MD5=cc6b84432cf70c8a45118053c8f190bd SHA1=6ba516ec491dc583c50b6b8dc86b461da2b71ea4 size=73
credential_scan.txt	MD5=109f14f0716cc2322b00d82f170affff SHA1=54d32f4cad052751f1c7970fe6e8fca92ca43c62 size=2418
plaintext_credentials.txt	MD5=89d0758e6bd933fc8df0ba0ecb000110 SHA1=8806ecd8a5b79f7c85d6da786f3c610aa590f794 size=12285
Local State	MD5=8f6cbbdcf7c9421cbe10ffefdd7cdf2d SHA1=1f1b77ea00f7dfe8ba59ca84807bf3522c7d4528 size=26761
Login Data	MD5=5115674b678562d04a188acc463a275f SHA1=7520ca86645a49a1f43faabe8dc8ee14077048f6 size=61440
hashes.tsv	MD5=d41d8cd98f00b204e9800998ecf8427e SHA1=da39a3ee5e6b4b0d3255bfef95601890afd80709 size=0
